Massachusetts Institute of Technology,Cambridge
Harvard University,Cambridge
Stanford University,Stanford
Cornell University,Ithaca
University of California Berkeley,Berkeley
University of Michigan,Ann Arbor
University of Washington,Seattle
Columbia University in the City of New York,New York City
University of California Los Angeles,Los Angeles
Yale University,New Haven
University of Pennsylvania,Philadelphia
University of Minnesota-Twin Cities,Minneapolis
University of Wisconsin-Madison,Madison
The University of Texas at Austin,Austin
Johns Hopkins University,Baltimore
Princeton University,Princeton
University of Chicago,Chicago
Purdue University,West Lafayette
University of California San Diego,San Diego
New York University,New York City
University of Southern California,Los Angeles
University of California Davis,Davis
University of North Carolina at Chapel Hill,Chapel Hill
Penn State University,University Park
Carnegie Mellon University,Pittsburgh
Michigan State University,East Lansing
University of Florida,Gainesville
Arizona State University,Tempe
University of Illinois at Urbana-Champaign,Champaign
Duke University,Durham
Rutgers The State University of New Jersey,New Brunswick
University of Maryland,College Park
University of California Irvine,Irvine
The University of Arizona,Tucson
University of Virginia,Charlottesville
Northwestern University,Evanston
Texas A&M University,College Station
University of Colorado Boulder,Boulder
The Ohio State University,Columbus
Boston University,Boston
North Carolina State University,Raleigh
The University of Utah,Salt Lake City
Indiana University Bloomington,Bloomington
University of Pittsburgh,Pittsburgh
Tufts University,Medford
University of California Santa Barbara,Santa Barbara
Georgetown University,Washington
Georgia Institute of Technology,Atlanta
University of Nebraska-Lincoln,Lincoln
Washington University in St. Louis,St. Louis
Virginia Polytechnic Institute and State University,Blacksburg
University of Rochester,Rochester
California Institute of Technology,Pasadena
University of Georgia,Athens
Oregon State University,Corvallis
Brown University,Providence
University of Iowa,Iowa City
Iowa State University,Ames
University of South Florida,Tampa
Brigham Young University,Provo
University of Massachusetts Amherst,Amherst
Colorado State University,Fort Collins
George Mason University,Fairfax
Washington State University,Pullman
George Washington University,Washington
Vanderbilt University,Nashville
University of California San Francisco,San Francisco
University at Buffalo State University of New York,Buffalo
University of California Santa Cruz,Santa Cruz
Dartmouth College,Hanover
William Marsh Rice University,Houston
Florida State University,Tallahassee
University of Notre Dame,Notre Dame
University of Oregon,Eugene
University of Illinois at Chicago,Chicago
University of Kentucky,Lexington
Syracuse University,Syracuse
University of Delaware,Newark
University of California Riverside,Riverside
Emory University,Atlanta
University of Houston,Houston
University of Connecticut,Storrs
Georgia State University,Atlanta
University of Missouri,Columbia
University of Central Florida,Orlando
University of Kansas,Lawrence
University of New Mexico,Albuquerque
The University of Tennessee Knoxville,Knoxville
Temple University,Philadelphia
University of Miami,Coral Gables
Fordham University,The Bronx
Rochester Institute of Technology,Rochester
Northeastern University,Boston
Drexel University,Philadelphia
Boston College,Chestnut Hill
Louisiana State University,Baton Rouge
University of South Carolina,Columbia
University of North Texas,Denton
Florida International University,Miami
University of New Hampshire,Durham
San Diego State University,San Diego
Virginia Commonwealth University,Richmond
University of Vermont,Burlington
The University of Oklahoma,Norman
Clemson University,Clemson
University of Cincinnati,Cincinnati
American University,Washington
Rensselaer Polytechnic Institute,Troy
The University of Alabama,Tuscaloosa
Utah State University,Logan
Case Western Reserve University,Cleveland
The University of Tennessee at Martin,Martin
Oklahoma State University,Stillwater
Baylor University,Waco
Portland State University,Portland
Auburn University,Auburn
University of Alabama at Birmingham,Birmingham
West Virginia University,Morgantown
Southern Methodist University,Dallas
California State University Northridge,Northridge
San José State University,San José
San Francisco State University,San Francisco
Wayne State University,Detroit
Brandeis University,Waltham
University of Maryland Baltimore County,Baltimore
Tulane University,New Orleans
Stony Brook University,Stony Brook
Texas Tech University,Lubbock
University of Wisconsin-Milwaukee,Milwaukee
University at Albany State University of New York,Albany
Kent State University,Kent
University of Arkansas,Fayetteville
University of Denver,Denver
Mississippi State University,Mississippi State
College of William & Mary,Williamsburg
Indiana University - Purdue University Indianapolis,Indianapolis
The University of Texas at Dallas,Richardson
University of Nevada Reno,Reno
Michigan Technological University,Houghton
Kansas State University,Manhattan
University of North Carolina at Charlotte,Charlotte
Florida Atlantic University,Boca Raton
Marquette University,Milwaukee
University of Rhode Island,Kingston
Santa Clara University,Santa Clara
Northern Illinois University,DeKalb
New Mexico State University,Las Cruces
DePaul University,Chicago
Northern Arizona University,Flagstaff
Quinnipiac University,Hamden
Southern New Hampshire University,Manchester
Montana State University,Bozeman
The University of Texas MD Anderson Cancer Center,Houston
Loyola University Chicago,Chicago
Oregon Health & Science University,Portland
Liberty University,Lynchburg
University of Wyoming,Laramie
Western Michigan University,Kalamazoo
The University of Maine,Orono
California Polytechnic State University San Luis Obispo,San Luis Obispo
University of Missouri-Kansas City,Kansas City
University of Nevada Las Vegas,Las Vegas
University of Idaho,Moscow
The New School,New York City
Swarthmore College,Swarthmore
Binghamton University State University of New York,Vestal
University of Alaska Fairbanks,Fairbanks
California State University Fullerton,Fullerton
California State University Long Beach,Long Beach
Bowling Green State University,Bowling Green
Illinois Institute of Technology,Chicago
The University of Texas at Arlington,Arlington
The University of Montana,Missoula
United States Military Academy,West Point
Wake Forest University,Winston-Salem
University of Mississippi,University
Middle Tennessee State University,Murfreesboro
Middlebury College,Middlebury
University of Louisville,Louisville
Lehigh University,Bethlehem
Saint Louis University,St. Louis
Old Dominion University,Norfolk
James Madison University,Harrisonburg
Worcester Polytechnic Institute,Worcester
University of Richmond,Richmond
Ohio University,Athens
University of Maryland Baltimore,Baltimore
Nova Southeastern University,Fort Lauderdale
The University of Texas at San Antonio,San Antonio
Carleton College,Northfield
Texas State University,San Marcos
Williams College,Williamstown
Baylor College of Medicine,Houston
Western Washington University,Bellingham
Southern Illinois University Carbondale,Carbondale
Wesleyan University,Middletown
Appalachian State University,Boone
California State University Chico,Chico
University of San Francisco,San Francisco
University of Massachusetts Boston,Boston
Boise State University,Boise
Smith College,Northampton
Thomas Jefferson University,Philadelphia
University of North Carolina at Greensboro,Greensboro
Pepperdine University,Malibu
Bard College,Annandale-on-Hudson
Pace University,New York City
University of Dayton,Dayton
Vassar College,Poughkeepsie
Berklee College of Music,Boston
Kennesaw State University,Kennesaw
Mount Holyoke College,South Hadley
The University of Memphis,Memphis
New Jersey Institute of Technology,Newark
Villanova University,Villanova
Bryn Mawr College,Bryn Mawr
University of Colorado Denver,Denver
Grand Valley State University,Allendale
Wellesley College,Wellesley
University of Akron,Akron
California State University Sacramento,Sacramento
Howard University,Washington
North Dakota State University,Fargo
Clark University,Worcester
Calvin University,Grand Rapids
Marist College,Poughkeepsie
Amherst College,Amherst
University of San Diego,San Diego
East Carolina University,Greenville
Bucknell University,Lewisburg
Medical University of South Carolina,Charleston
Illinois State University,Normal
The University of Texas at El Paso,El Paso
Chapman University,Orange
University of Massachusetts Lowell,Lowell
Miami University,Oxford
The Catholic University of America,Washington
California State Polytechnic University Pomona,Pomona
University of North Dakota,Grand Forks
Grand Canyon University,Phoenix
Hofstra University,Hempstead
Creighton University,Omaha
Seton Hall University,South Orange
Central Michigan University,Mount Pleasant
Ball State University,Muncie
University of Toledo,Toledo
Western Kentucky University,Bowling Green
Wright State University,Dayton
Yeshiva University,New York City
University of Southern Mississippi,Hattiesburg
University of Texas Southwestern Medical Center,Dallas
University of Northern Iowa,Cedar Falls
Embry-Riddle Aeronautical University,Daytona Beach
Wichita State University,Wichita
Missouri State University,Springfield
Oberlin College,Oberlin
University of Nebraska at Omaha,Omaha
University of Massachusetts Medical School,Worcester
Loyola Marymount University,Los Angeles
Colby College,Waterville
Monmouth University,West Long Branch
Montclair State University,Montclair
Humboldt State University,Arcata
Cleveland State University,Cleveland
Towson University,Towson
California State University San Bernardino,San Bernardino
Sonoma State University,Rohnert Park
Bowdoin College,Brunswick
Ithaca College,Ithaca
The University of Texas Medical Branch at Galveston,Galveston
Texas Christian University,Fort Worth
College of Charleston,Charleston
University of Missouri-St. Louis,St. Louis
Idaho State University,Pocatello
California State University Fresno,Fresno
University of Wisconsin-Eau Claire,Eau Claire
Ferris State University,Big Rapids
Eastern Kentucky University,Richmond
Dickinson College,Carlisle
Oakland University,Rochester
Elon University,Elon
Kenyon College,Gambier
The Rockefeller University,New York City
East Tennessee State University,Johnson City
University of North Florida,Jacksonville
Harvey Mudd College,Claremont
Georgia Southern University,Statesboro
The University of Texas Health Science Center at San Antonio,San Antonio
The University of Texas Health Science Center at Houston,Houston
Babson College,Babson Park
Southern Illinois University Edwardsville,Edwardsville
Duquesne University,Pittsburgh
Marshall University,Huntington
Savannah College of Art and Design,Savannah
Eastern Michigan University,Ypsilanti
University of St. Thomas,Saint Paul
Washington and Lee University,Lexington
University of North Carolina Wilmington,Wilmington
Missouri University of Science and Technology,Rolla
Sam Houston State University,Huntsville
Florida Institute of Technology,Melbourne
University of Wisconsin-Stevens Point,Stevens Point
Suffolk University,Boston
Seattle University,Seattle
Rasmussen College,St. Cloud
Rowan University,Glassboro
Pomona College,Claremont
Reed College,Portland
The University of Alabama in Huntsville,Huntsville
Lamar University,Beaumont
University of Texas Rio Grande Valley,Edinburg
Gallaudet University,Washington
Trinity College,Hartford
University of California Merced,Merced
Earlham College,Richmond
University of Massachusetts Dartmouth,North Dartmouth
Brigham Young University-Idaho,Rexburg
Barnard College,New York City
Indiana State University,Terre Haute
University of Baltimore,Baltimore
Colorado School of Mines,Golden
Wheaton College,Wheaton
Minnesota State University Mankato,Mankato
Davidson College,Davidson
The Evergreen State College,Olympia
Maryville University,St. Louis
United States Naval Academy,Annapolis
Medical College of Wisconsin,Milwaukee
St. John's University,Queens
Willamette University,Salem
Simmons University,Boston
University of South Dakota,Vermillion
Fashion Institute of Technology,New York City
Rhode Island School of Design,Providence
New Mexico Institute of Mining and Technology,Socorro
University of Colorado Colorado Springs,Colorado Springs
University of Nebraska Medical Center,Omaha
California State University Dominguez Hills,Carson
Central Washington University,Ellensburg
School of Visual Arts,New York City
Furman University,Greenville
Hanover College,Hanover
California State University Los Angeles,Los Angeles
Biola University,La Mirada
Lock Haven University,Lock Haven
Webster University,St. Louis
The University of Tulsa,Tulsa
Radford University,Radford
Gonzaga University,Spokane
Stetson University,DeLand
Weber State University,Ogden
Loyola University New Orleans,New Orleans
Stevens Institute of Technology,Hoboken
Colgate University,Hamilton
College of the Holy Cross,Worcester
South Dakota State University,Brookings
University of Arkansas at Little Rock,Little Rock
Central Connecticut State University,New Britain
Hamilton College,Clinton
Lewis & Clark College,Portland
Bates College,Lewiston
Augusta University,Augusta
California State University San Marcos,San Marcos
Hillsdale College,Hillsdale
Haverford College,Haverford
University of Wisconsin-Green Bay,Green Bay
Pratt Institute,Brooklyn
Indiana University of Pennsylvania,Indiana
Emerson College,Boston
Long Island University,Brooklyn
Eastern Illinois University,Charleston
State University of New York at Oswego,Oswego
Grinnell College,Grinnell
Northern Michigan University,Marquette
St. Olaf College,Northfield
Clarkson University,Potsdam
University of the Pacific,Stockton
Bentley University,Waltham
Colorado College,Colorado Springs
College of Saint Benedict/Saint John's University,St. Joseph
Bradley University,Peoria
Trinity University,San Antonio
Skidmore College,Saratoga Springs
Gettysburg College,Gettysburg
Western Carolina University,Cullowhee
SUNY College of Environmental Science and Forestry,Syracuse
Azusa Pacific University,Azusa
Drew University,Madison
Saint Joseph's University,Philadelphia
DePauw University,Greencastle
University of Louisiana at Lafayette,Lafayette
University of Northern Colorado,Greeley
Macalester College,Saint Paul
Rider University,Lawrenceville
Fairleigh Dickinson University,Teaneck
Arkansas State University,Jonesboro
Loyola University Maryland,Baltimore
Western Illinois University,Macomb
The College of New Jersey,Ewing
University of Evansville,Evansville
Northern Kentucky University,Highland Heights
West Chester University of Pennsylvania,West Chester
Shippensburg University of Pennsylvania,Shippensburg
California State University Stanislaus,Turlock
University of Wisconsin-La Crosse,La Crosse
The Culinary Institute of America,Hyde Park
Connecticut College,New London
Union College,Schenectady
Miami Dade College,Miami
Valparaiso University,Valparaíso
Florida Gulf Coast University,Fort Myers
University of Illinois at Springfield,Springfield
University of West Florida,Pensacola
DeVry University,Chicago
Drake University,Des Moines
The Juilliard School,New York City
Butler University,Indianapolis
Occidental College,Los Angeles
Naval Postgraduate School,Monterey
Sweet Briar College,Sweet Briar
North Carolina Agricultural and Technical State University,Greensboro
Lafayette College,Easton
Pitzer College,Claremont
Stephen F. Austin State University,Nacogdoches
Columbia College Chicago,Chicago
University of Wisconsin-Oshkosh,Oshkosh
Texas A&M University-Corpus Christi,Corpus Christi
Hope College,Holland
Hobart and William Smith Colleges,Geneva
University of New Orleans,New Orleans
Johnson and Wales University,Providence
The University of Tennessee at Chattanooga,Chattanooga
University of California Hastings College of the Law,San Francisco
Pacific University,Forest Grove
Hampshire College,Amherst
St. Cloud State University,St. Cloud
Xavier University,Cincinnati
SUNY Geneseo,Geneseo
Tennessee Tech University,Cookeville
Franklin and Marshall College,Lancaster
Fairfield University,Fairfield
ArtCenter College of Design,Pasadena
University of Central Arkansas,Conway
University of Arkansas for Medical Sciences,Little Rock
Bridgewater State University,Bridgewater
Regent University,Virginia Beach
Plymouth State University,Plymouth
Widener University,Chester
Utah Valley University,Orem
Texas Tech University Health Sciences Center,Lubbock
Adelphi University,Garden City
Purdue University Fort Wayne,Fort Wayne
Mercer University,Macon
State University of New York at New Paltz,New Paltz
Andrews University,Berrien Springs
Seattle Pacific University,Seattle
University of Hartford,West Hartford
University of West Georgia,Carrollton
New York Institute of Technology,Old Westbury
University of Wisconsin-Whitewater,Whitewater
West Texas A&M University,Canyon
Strayer University,Washington
University of Mary Washington,Fredericksburg
Morgan State University,Baltimore
Truman State University,Kirksville
National Defense University,Fort Lesley J McNair
Rose-Hulman Institute of Technology,Terre Haute
California Institute of the Arts,Valencia
Stockton University,Galloway
University of Hawaii at Manoa,Honolulu
United States Air Force Academy,Colorado Springs
Rhode Island College,Providence
SUNY Upstate Medical University,Syracuse
Louisiana Tech University,Ruston
Emporia State University,Emporia
Maharishi International University,Fairfield
University of Wisconsin-Stout,Menomonie
Siena College,Loudonville
Hult International Business School,Cambridge
Youngstown State University,Youngstown
Claremont Graduate University,Claremont
The Cooper Union for the Advancement of Science and Art,New York City
Morehouse College,Atlanta
Louisiana State University Health Sciences Center,New Orleans
Texas Woman's University,Denton
Eastern Washington University,Cheney
Abilene Christian University,Abilene
Whitman College,Walla Walla
Valdosta State University,Valdosta
California State University East Bay,Hayward
Rollins College,Winter Park
Frostburg State University,Frostburg
Florida Agricultural and Mechanical University,Tallahassee
University of Mississippi Medical Center,Jackson
University of New England,Biddeford
Academy of Art University,San Francisco
Hamline University,Saint Paul
Belmont University,Nashville
Valencia College,Orlando
University of Scranton,Scranton
Rhodes College,Memphis
Troy University,Troy
Samford University,Birmingham
Sewanee: The University of the South,Sewanee
Berea College,Berea
Denison University,Granville
Pacific Lutheran University,Tacoma
Beloit College,Beloit
University of South Alabama,Mobile
Salisbury University,Salisbury
Fort Hays State University,Hays
Antioch University,Yellow Springs
Lawrence University,Appleton
Broward College,Fort Lauderdale
Touro College,New York City
Metropolitan State University of Denver,Denver
Claremont McKenna College,Claremont
Delaware State University,Dover
The College of Wooster,Wooster
University of Southern Indiana,Evansville
SUNY College at Oneonta,Oneonta
Coastal Carolina University,Conway
Tuskegee University,Tuskegee
Sarah Lawrence College,Bronxville
Wabash College,Crawfordsville
Western Oregon University,Monmouth
The State University of New York at Potsdam,Potsdam
Tennessee State University,Nashville
Icahn School of Medicine at Mount Sinai,New York City
Champlain College,Burlington
Christopher Newport University,Newport News
Goucher College,Towson
California State University Monterey Bay,Seaside
William Paterson University,Wayne
The University of Oklahoma Health Sciences Center,Oklahoma City
Winthrop University,Rock Hill
Norwich University,Northfield
Illinois Wesleyan University,Bloomington
Agnes Scott College,Decatur
SUNY Cortland,Cortland
Gustavus Adolphus College,St. Peter
Southern Utah University,Cedar City
Spelman College,Atlanta
National University,La Jolla
St. Catherine University,Saint Paul
Kean University,Union
Murray State University,Murray
University of North Carolina at Asheville,Asheville
University of Puget Sound,Tacoma
Seton Hill University,Greensburg
Northeastern Illinois University,Chicago
Hampton University,Hampton
Southern Oregon University,Ashland
Elmhurst University,Elmhurst
Providence College,Providence
Milwaukee School of Engineering,Milwaukee
Lesley University,Cambridge
Regis University,Denver
Millersville University of Pennsylvania,Millersville
University of Detroit Mercy,Detroit
Southeastern Louisiana University,Hammond
SUNY Downstate Medical Center,Brooklyn
St. Lawrence University,Canton
Golden Gate University,San Francisco
Messiah University,Mechanicsburg
Saint Anselm College,Manchester
Southeast Missouri State University,Cape Girardeau
Cedarville University,Cedarville
Campbell University,Buies Creek
Lake Superior State University,Sault Ste. Marie
Sacred Heart University,Fairfield
Roger Williams University,Bristol
Wheaton College Massachusetts,Norton
University of North Georgia,Dahlonega
Elizabethtown College,Elizabethtown
North Carolina Central University,Durham
Bellarmine University,Louisville
Muhlenberg College,Allentown
Roosevelt University,Chicago
Longwood University,Farmville
Virginia Military Institute,Lexington
Ohio Wesleyan University,Delaware
Carson-Newman University,Jefferson City
Barry University,Miami
SUNY Empire State College,Saratoga Springs
St. Edward's University,Austin
Bloomsburg University of Pennsylvania,Bloomsburg
La Salle University,Philadelphia
The College at Brockport,Brockport
Saint Michael's College,Colchester
Kettering University,Flint
Bluffton University,Bluffton
Georgia College and State University,Milledgeville
The Citadel The Military College of South Carolina,Charleston
Augsburg University,Minneapolis
High Point University,High Point
Uniformed Services University of the Health Sciences,Bethesda
Kalamazoo College,Kalamazoo
SUNY Polytechnic Institute,Utica
Ashland University,Ashland
University of North Carolina at Pembroke,Pembroke
Le Moyne College,Syracuse
Austin Peay State University,Clarksville
University of New Haven,West Haven
Alfred University,Alfred
University of Portland,Portland
Ramapo College of New Jersey,Mahwah
Pittsburg State University,Pittsburg
The University of Tampa,Tampa
Arcadia University,Glenside
California College of the Arts,San Francisco
New York Law School,New York City
University of Indianapolis,Indianapolis
Salem State University,Salem
Canisius College,Buffalo
University of Nebraska at Kearney,Kearney
Maryland Institute College of Art,Baltimore
California Lutheran University,Thousand Oaks
Saint Mary's College of California,Moraga
Southern Connecticut State University,New Haven
Saint Leo University,Saint Leo
Washington College,Chestertown
St. Bonaventure University,St. Bonaventure
Southwestern University,Georgetown
Jacksonville State University,Jacksonville
School of the Art Institute of Chicago,Chicago
Minnesota State University Moorhead,Moorhead
George Fox University,Newberg
National Louis University,Chicago
Angelo State University,San Angelo
Texas A&M University-Commerce,Commerce
Bethel University (Minnesota),Saint Paul
Central College,Pella
University of Redlands,Redlands
Texas Southern University,Houston
State University of New York at Fredonia,Fredonia
St Petersburg College,Clearwater
Bryant University,Smithfield
Franklin University,Columbus
Harding University,Searcy
Bellevue University,Bellevue
University of Central Missouri,Warrensburg
The University of Tennessee Health Science Center,Memphis
Mills College,Oakland
University of Wisconsin-Platteville,Platteville
California State University Bakersfield,Bakersfield
Eastern Virginia Medical School,Norfolk
California Institute of Integral Studies,San Francisco
Western Connecticut State University,Danbury
Jackson State University,Jackson
St. Mary's University,San Antonio
California State University Channel Islands,Camarillo
Colorado Christian University,Lakewood
John Carroll University,University Heights
Bennington College,Bennington
Luther College,Decorah
Ohio Northern University,Ada
Kutztown University of Pennsylvania,Kutztown
Clark Atlanta University,Atlanta
Tarleton State University,Stephenville
Albion College,Albion
Dakota State University,Madison
The College of St. Scholastica,Duluth
Purchase College State University of New York,Purchase
Slippery Rock University of Pennsylvania,Slippery Rock
Benedictine University,Lisle
Goshen College,Goshen
The University of the Arts,Philadelphia
University of Massachusetts Global,Irvine
University of Southern Maine,Portland
Bob Jones University,Greenville
Baldwin Wallace University,Berea
Winona State University,Winona
Northwest Missouri State University,Maryville
Roanoke College,Salem
State University of New York College at Plattsburgh,Plattsburgh
Dominican University of California,San Rafael
Hood College,Frederick
Wofford College,Spartanburg
Fort Lewis College,Durango
Gordon College,Wenham
University of the District of Columbia,Washington
Capital University,Columbus
Oral Roberts University,Tulsa
Mercy College,Dobbs Ferry
Midwestern State University,Wichita Falls
The University of Texas at Tyler,Tyler
Augustana College,Rock Island
Morehouse School of Medicine,Atlanta
University of the Incarnate Word,San Antonio
Brooklyn Law School,Brooklyn
University of North Alabama,Florence
Wilkes University,Wilkes-Barre
North Central College,Naperville
Concordia College,Moorhead
Assumption College,Worcester
University of Bridgeport,Bridgeport
Texas A&M University-Kingsville,Kingsville
Vermont Law School,South Royalton
Regis College,Weston
Colorado Technical University,Colorado Springs
Indiana Wesleyan University,Marion
Knox College,Galesburg
Chatham University,Pittsburgh
University of Wisconsin-River Falls,River Falls
Midwestern University,Downers Grove
University of Wisconsin-Parkside,Kenosha
South Dakota School of Mines and Technology,Rapid City
Columbus State University,Columbus
University of Louisiana at Monroe,Monroe
Saginaw Valley State University,University Center
Pennsylvania Academy of the Fine Arts,Philadelphia
University of St. Augustine for Health Sciences,San Marcos
University of Findlay,Findlay
Fisk University,Nashville
Washburn University,Topeka
New Jersey City University,Jersey City
SIT Graduate Institute,Brattleboro
St. Mary's College of Maryland,St. Mary's City
Houston Baptist University,Houston
Lipscomb University,Nashville
Berry College,Mount Berry
St. John Fisher University,Rochester
St. Norbert College,De Pere
Manhattan College,Riverdale
University of Michigan-Flint,Flint
Hawaii Pacific University,Honolulu
Jacksonville University,Jacksonville
Concordia University St. Paul,Saint Paul
Olivet Nazarene University,Bourbonnais
Allegheny College,Meadville
Keene State College,Keene
Cornell College,Mount Vernon
North Park University,Chicago
Prairie View A&M University,Prairie View
University of Dallas,Irving
Hendrix College,Conway
South University,Savannah
Niagara University,Niagara University
Otis College of Art and Design,Los Angeles
Colorado Mesa University,Grand Junction
Utica College,Utica
Eckerd College,Saint Petersburg
Ursinus College,Collegeville
University of Houston-Clear Lake,Houston
Xavier University of Louisiana,New Orleans
Augustana University,Sioux Falls
Fayetteville State University,Fayetteville
Lander University,Greenwood
University of Houston-Downtown,Houston
Marietta College,Marietta
Springfield College,Springfield
Lehman College CUNY,The Bronx
Bellevue College,Bellevue
Taylor University,Upland
Loma Linda University,Loma Linda
Marymount University,Arlington
Lawrence Technological University,Southfield
Mississippi College,Clinton
Arkansas Tech University,Russellville
Northwestern State University of Louisiana,Natchitoches
Salve Regina University,Newport
Florida Southern College,Lakeland
Lewis University,Romeoville
Texas A&M University at Galveston,Galveston
Pennsylvania College of Technology,Williamsport
Tougaloo College,Tougaloo
Eastern Mennonite University,Harrisonburg
Texas A&M International University,Laredo
King's College,Wilkes-Barre
Bastyr University,Kenmore
McDaniel College,Westminster
Santa Fe College,Gainesville
Merrimack College,North Andover
Whittier College,Whittier
Governors State University,University Park
Massachusetts College of Art and Design,Boston
Shenandoah University,Winchester
Westminster College,Salt Lake City
Oklahoma City University,Oklahoma City
Moravian College,Bethlehem
Keiser University,Fort Lauderdale
Eastern Oregon University,La Grande
Union University,Jackson
Montana State University Billings,Billings
Norfolk State University,Norfolk
Albany Medical College,Albany
Queens University of Charlotte,Charlotte
Carthage College,Kenosha
Baker College,Flint
Northwest Nazarene University,Nampa
University of Michigan-Dearborn,Dearborn
California Baptist University,Riverside
Chicago State University,Chicago
Juniata College,Huntingdon
Flagler College,St. Augustine
Muskingum University,New Concord
College of Southern Nevada,Las Vegas
Oregon Institute of Technology,Klamath Falls
Columbia College,Columbia
Western New England University,Springfield
Westmont College,Santa Barbara
Concordia University Wisconsin,Mequon
University of Lynchburg,Lynchburg
University of Central Oklahoma,Edmond
Southern University and A&M College,Baton Rouge
Otterbein University,Westerville
Linfield University,McMinnville
Western University of Health Sciences,Pomona
Indiana University South Bend,South Bend
Clarion University of Pennsylvania,Clarion
Eastern New Mexico University,Portales
Capitol Technology University,Laurel
Virginia State University,Petersburg
Park University,Parkville
Kentucky State University,Frankfort
Morehead State University,Morehead
Lindenwood University,St. Charles
Seattle Central College,Seattle
York College of Pennsylvania,York
University of La Verne,La Verne
Southwest Minnesota State University,Marshall
Grove City College,Grove City
Utah Tech University,
St. George,
Wilmington University,New Castle
Drury University,Springfield
Lake Forest College,Lake Forest
Lynn University,Boca Raton
Centre College,Danville
Southern Adventist University,Collegedale
Eastern Connecticut State University,Willimantic
Brigham Young University-Hawaii,Laie
Northern State University,Aberdeen
St. Ambrose University,Davenport
Alabama State University,Montgomery
Bowie State University,Bowie
Franklin W. Olin College of Engineering,Needham
Northeastern State University,Tahlequah
Lincoln Memorial University,Harrogate
Susquehanna University,Selinsgrove
Seminole State College of Florida,Sanford
Saint Mary's University of Minnesota,Winona
Montana Tech,Butte
Concordia University Irvine,Irvine
Minneapolis College of Art and Design,Minneapolis
Auburn University at Montgomery,Montgomery
Meredith College,Raleigh
Bethune-Cookman University,Daytona Beach
Lycoming College,Williamsport
Stonehill College,Easton
Wentworth Institute of Technology,Boston
Winston-Salem State University,Winston-Salem
Point Loma Nazarene University,San Diego
Florida State College at Jacksonville,Jacksonville
Alliant International University,San Diego
Wittenberg University,Springfield
Scripps College,Claremont
Endicott College,Beverly
Dillard University,New Orleans
Millikin University,Decatur
Bemidji State University,Bemidji
Edinboro University of Pennsylvania,Edinboro
Dominican University,River Forest
DeSales University,Center Valley
McNeese State University,Lake Charles
Oglethorpe University,Atlanta
Indiana University Southeast,New Albany
Iona College,New Rochelle
Robert Morris University,Moon Township
University of North Texas Health Science Center,Fort Worth
Concordia University Texas,Austin
New York Medical College,Valhalla
United States Merchant Marine Academy,Kings Point
East Stroudsburg University,East Stroudsburg
Chadron State College,Chadron
Ringling College of Art and Design,Sarasota
Charleston Southern University,Charleston
Guilford College,Greensboro
The University of West Alabama,Livingston
Spring Hill College,Mobile
Herzing University,Madison
Austin College,Sherman
St. Thomas University,Miami Gardens
Eastern University,St. Davids
Whitworth University,Spokane
ECPI University,Virginia Beach
Mercyhurst University,Erie
Nazareth College,Rochester
Northwood University,Midland
Wartburg College,Waverly
Clayton State University,Morrow
Hollins University,Roanoke
Aurora University,Aurora
Curtis Institute of Music,Philadelphia
Chaminade University of Honolulu,Honolulu
The American College of Financial Services,Bryn Mawr
Washington & Jefferson College,Washington
Alabama A&M University,Huntsville
Hampden-Sydney College,Hampden-Sydney
Manhattan School of Music,New York City
New England College,Henniker
Bank Street College of Education,New York City
Carroll University,Waukesha
Simpson College,Indianola
University of North Carolina School of the Arts,Winston-Salem
Marian University,Indianapolis
Mitchell Hamline School of Law,Saint Paul
Christian Brothers University,Memphis
Point Park University,Pittsburgh
Grambling State University,Grambling
A.T. Still University,Kirksville
New England Conservatory,Boston
Southeastern University,Lakeland
Lewis-Clark State College,Lewiston
Meharry Medical College,Nashville
Franciscan University of Steubenville,Steubenville
Bridgewater College,Bridgewater
Western Colorado University,Gunnison
San Francisco Art Institute,San Francisco
Walsh University,North Canton
Lincoln University,Lincoln University
Manhattanville College,Purchase
South Carolina State University,Orangeburg
University of Hawaii at Hilo,Hilo
Saint Vincent College,Latrobe
Saint Peter's University,Jersey City
Dallas Baptist University,Dallas
Hartwick College,Oneonta
Gwynedd Mercy University,Gwynedd Valley
California University of Pennsylvania,California
Buena Vista University,Storm Lake
Westminster College Pennsylvania,New Wilmington
Gannon University,Erie
United States Coast Guard Academy,New London
Louisiana State University in Shreveport,Shreveport
University of St. Francis,Joliet
Transylvania University,Lexington
Fresno Pacific University,Fresno
Lebanon Valley College,Annville
Purdue University Northwest,Hammond
Farmingdale State College,Farmingdale
Palm Beach State College,Lake Worth
Saint Mary's College,Notre Dame
Coe College,Cedar Rapids
Georgetown College,Georgetown
John Brown University,Siloam Springs
Warren Wilson College,Swannanoa
Keck Graduate Institute,Claremont
Davenport University,Grand Rapids
Centenary College of Louisiana,Shreveport
Mount St. Joseph University,Cincinnati
University of Northwestern - St. Paul,Saint Paul
University of Mary Hardin-Baylor,Belton
Saint Xavier University,Chicago
Wagner College,Staten Island
Francis Marion University,Florence
Spring Arbor University,Spring Arbor
Husson University,Bangor
Des Moines University,Des Moines
Mount St. Mary's University,Emmitsburg
The University of Texas Permian Basin,Odessa
Saint Martin's University,Lacey
Metropolitan State University,Saint Paul
Rogers State University,Claremore
Adams State University,Alamosa
Bennett College,Greensboro
Framingham State University,Framingham
Shepherd University,Shepherdstown
St John's College,Annapolis
University of South Carolina-Aiken,Aiken
Southwestern Law School,Los Angeles
Alvernia University,Reading
Southern Nazarene University,Bethany
New Mexico Highlands University,Las Vegas
Marywood University,Scranton
Geneva College,Beaver Falls
Cameron University,Lawton
Wayne State College,Wayne
Alverno College,Milwaukee
Vincennes University,Vincennes
University of Wisconsin-Superior,Superior
Southeastern Oklahoma State University,Durant
Black Hills State University,Spearfish
Manchester University,North Manchester
Delta State University,Cleveland
Cornerstone University,Grand Rapids
University of St. Thomas (Texas),Houston
Carroll College,Helena
Nicholls State University,Thibodaux
University of South Carolina-Upstate,Spartanburg
Oklahoma Christian University,Edmond
Naropa University,Boulder
University of Mary,Bismarck
Palm Beach Atlantic University,West Palm Beach
Morrisville State College,Morrisville
Colorado State University-Pueblo,Pueblo
Lindsey Wilson College,Columbia
Middle Georgia State University,Macon
Anderson University Indiana,Anderson
Mayo Clinic College of Medicine and Science,Rochester
University of Maryland Eastern Shore,Princess Anne
The Sage Colleges,Troy
Hiram College,Hiram
South Texas College of Law,Houston
Evangel University,Springfield
Unity College,Unity
Trinity International University,Deerfield
Pacific Union College,Angwin
Alma College,Alma
Chamberlain University,Addison
Lincoln University Missouri,Jefferson City
Edgewood College,Madison
Dordt University,Sioux Center
Boston Architectural College,Boston
Molloy College,Rockville Centre
Upper Iowa University,Fayette
Campbellsville University,Campbellsville
Ripon College,Ripon
Paul Smith's College,Paul Smiths
Indiana University Northwest,Gary
Southern Arkansas University,Magnolia
Trinity Washington University,Washington
City University of Seattle,Seattle
South Texas College,McAllen
Albright College,Reading
Missouri Western State University,St. Joseph
New College of Florida,Sarasota
Moody Bible Institute,Chicago
Albany State University,Albany
King University,Bristol
Baker University,Baldwin City
Shawnee State University,Portsmouth
MCPHS University,Boston
Presbyterian College,Clinton
Southwestern College,Winfield
West Coast University-Los Angeles,North Hollywood
University of Montevallo,Montevallo
College for Creative Studies,Detroit
Lee University,Cleveland
Pfeiffer University,Misenheimer
Bard College at Simon's Rock,Great Barrington
Grace College,Winona Lake
Emmanuel College,Boston
Worcester State University,Worcester
Quincy University,Quincy
Daytona State College,Daytona Beach
College of the Atlantic,Bar Harbor
McKendree University,Lebanon
LeTourneau University,Longview
Randolph-Macon College,Ashland
Lenoir-Rhyne University,Hickory
Mississippi University for Women,Columbus
Western New Mexico University,Silver City
Ottawa University,Ottawa
The College of Saint Rose,Albany
Saint Francis University,Loretto
Doane University,Crete
D'Youville College,Buffalo
Fitchburg State University,Fitchburg
College of the Ozarks,Point Lookout
Northern Vermont University,Johnson
Heidelberg University,Tiffin
Belhaven University,Jackson
Aquinas College,Grand Rapids
Notre Dame of Maryland University,Baltimore
Our Lady of the Lake University,San Antonio
New England Law | Boston,Boston
Coppin State University,Baltimore
Life University,Marietta
Nebraska Wesleyan University,Lincoln
John Jay College of Criminal Justice,New York City
Maine College of Art,Portland
Alaska Pacific University,Anchorage
Southwestern Oklahoma State University,Weatherford
Daemen College,Amherst
New England Institute of Technology,East Greenwich
Nichols College,Dudley
Virginia Wesleyan University,Virginia Beach
Ouachita Baptist University,Arkadelphia
University of Sioux Falls,Sioux Falls
Roberts Wesleyan College,Rochester
Rockhurst University,Kansas City
Hunter College CUNY,New York City
West Virginia State University,Institute
Elmira College,Elmira
Rivier University,Nashua
Alfred State College,Alfred
Mary Baldwin University,Staunton
Brenau University,Gainesville
Goddard College,Plainfield
La Sierra University,Riverside
North Carolina Wesleyan College,Rocky Mount
Houghton College,Houghton
Cardinal Stritch University,Milwaukee
William Carey University,Hattiesburg
California State University Maritime Academy,Vallejo
Adrian College,Adrian
Central State University,Wilberforce
Birmingham-Southern College,Birmingham
Viterbo University,La Crosse
Henderson State University,Arkadelphia
Hardin-Simmons University,Abilene
Southern California Institute of Architecture,Los Angeles
Georgian Court University,Lakewood
Walla Walla University,College Place
Stevenson University,Stevenson
Mansfield University of Pennsylvania,Mansfield
Delaware Valley University,Doylestown
Trine University,Angola
Massachusetts College of Liberal Arts,North Adams
Asbury University,Wilmore
Savannah State University,Savannah
Lourdes University,Sylvania
Mount Mercy University,Cedar Rapids
Millsaps College,Jackson
Loras College,Dubuque
Mount Saint Mary College,Newburgh
Thomas Aquinas College,Santa Paula
Texas Wesleyan University,Fort Worth
Bethel College (Kansas),North Newton
San Francisco Conservatory of Music,San Francisco
Cleveland Institute of Art,Cleveland
Cambridge College,Boston
Soka University of America,Aliso Viejo
University of Houston-Victoria,Victoria
Benedictine College,Atchison
Woodbury University,Burbank
Sterling College,Sterling
Polk State College,Winter Haven
Misericordia University,Dallas
Vanguard University of Southern California,Costa Mesa
Columbus College of Art and Design,Columbus
Fort Valley State University,Fort Valley
Wells College,Aurora
East Central University,Ada
Cedar Crest College,Allentown
California Western School of Law,San Diego
Albany Law School,Albany
SUNY Cobleskill,Cobleskill
Northwestern College,Orange City
Bay Path University,Longmeadow
Athens State University,Athens
Clarke University,Dubuque
American International College,Springfield
Greenville University,Greenville
Rosalind Franklin University of Medicine and Science,North Chicago
Faulkner University,Montgomery
Graceland University,Lamoni
Alcorn State University,Lorman
Missouri Southern State University,Joplin
Wheeling University,Wheeling
Prescott College,Prescott
Concordia University Nebraska,Seward
Immaculata University,Immaculata
Post University,Waterbury
Curry College,Milton
Bryant and Stratton College,Buffalo
State College of Florida-Manatee-Sarasota,Bradenton
Crown College,St. Bonifacius
Caldwell University,Caldwell
Ferrum College,Ferrum
University of Dubuque,Dubuque
Oklahoma Baptist University,Shawnee
Concordia University Chicago,River Forest
Voorhees College,Denmark
Huntington University,Huntington
Cornish College of the Arts,Seattle
Edward Waters University,Jacksonville
Avila University,Kansas City
Maine Maritime Academy,Castine
American Jewish University,Los Angeles
Malone University,Canton
Belmont Abbey College,Belmont
The Master's University,Santa Clarita
St. Joseph's College,Brooklyn
Methodist University,Fayetteville
Northland College,Ashland
Monroe College,The Bronx
Spalding University,Louisville
University of Silicon Valley,San Jose
Gardner-Webb University,Boiling Springs
Wilson College,Chambersburg
University of the Cumberlands,Williamsburg
University of Mount Union,Alliance
Morningside College,Sioux City
Rocky Mountain College,Billings
Converse College,Spartanburg
SUNY Maritime College,Throggs Neck
Trevecca Nazarene University,Nashville
Montreat College,Montreat
Ave Maria University,Ave Maria
MGH Institute of Health Professions,Boston
Rosemont College,Rosemont
MidAmerica Nazarene University,Olathe
Anderson University,Anderson
Friends University,Wichita
Neumann University,Aston
Franklin College,Franklin
Lancaster Bible College,Lancaster
Georgia Gwinnett College,Lawrenceville
McMurry University,Abilene
Johnson C. Smith University,Charlotte
Minot State University,Minot
Virginia Union University,Richmond
Centenary University,Hackettstown
Georgia Southwestern State University,Americus
Louisiana State University Health Sciences Center-Shreveport,Shreveport
Cabrini University,Radnor
Charles R. Drew University of Medicine and Science,Los Angeles
Fielding Graduate University,Santa Barbara
Franklin Pierce University,Rindge
University of Advancing Technology,Tempe
National University of Health Sciences,Lombard
Dalton State College,Dalton
Adler University,Chicago
AdventHealth University,Orlando
Thomas Edison State University,Trenton
Snow College,Ephraim
Thomas More University,Crestview Hills
National American University,Rapid City
Tiffin University,Tiffin
Wayland Baptist University,Plainview
Massachusetts Maritime Academy,Buzzards Bay
Stephens College,Columbia
Shorter University,Rome
University of Arkansas at Monticello,Monticello
Air Force Institute of Technology,Wright-Patterson AFB
University of Maine at Augusta,Augusta
Rocky Mountain College of Art and Design,Lakewood
Lees-McRae College,Banner Elk
Southwestern Adventist University,Keene
William Jewell College,Liberty
SUNY Canton,Canton
Grand View University,Des Moines
The Chicago School of Professional Psychology,Los Angeles
Cleveland Institute of Music,Cleveland
Elizabeth City State University,Elizabeth City
Concord University,Athens
Mississippi Valley State University,Itta Bena
St. Francis College,Brooklyn Heights
Huston-Tillotson University,Austin
Catawba College,Salisbury
Trinity Christian College,Palos Heights
Talladega College,Talladega
Saint Mary-of-the-Woods College,Saint Mary of the Woods
Wisconsin Lutheran College,Milwaukee
Illinois College,Jacksonville
Northwestern Health Sciences University,Bloomington
Bryan College,Dayton
Indiana Institute of Technology,Fort Wayne
Huntingdon College,Montgomery
Oakwood University,Huntsville
Colby-Sawyer College,New London
Langston University,Langston
Northwest University,Kirkland
Lakeland University,Plymouth
Lasell University,Newton
Central Methodist University,Fayette
Logan University,Chesterfield
Kansas City Art Institute,Kansas City
SUNY College at Old Westbury,Old Westbury
Freed-Hardeman University,Henderson
The Institute of World Politics,Washington
Harrisburg University of Science and Technology,Harrisburg
Tusculum University,Greeneville
SUNY Delhi,Delhi
Covenant College,Lookout Mountain
Randolph College,Lynchburg
Columbia International University,Columbia
Penn State College of Medicine,Hershey
Berkeley College,New York City
Florida SouthWestern State College,Fort Myers
Eastern Nazarene College,Quincy
Brevard College,Brevard
Chowan University,Murfreesboro
University of Charleston,Charleston
Moore College of Art and Design,Philadelphia
College of Saint Mary,Omaha
North Greenville University,Tigerville
Northeast Ohio Medical University,Rootstown
Indian River State College,Fort Pierce
Piedmont College,Demorest
Milligan University,Elizabethton
East Georgia State College,Swainsboro
Fontbonne University,St. Louis
Hastings College,Hastings
Westminster College Missouri,Fulton
Albertus Magnus College,New Haven
Thomas Jefferson School of Law,San Diego
Holy Names University,Oakland
University of Arkansas at Pine Bluff,Pine Bluff
Castleton University,Castleton
Chestnut Hill College,Philadelphia
Fairmont State University,Fairmont
Carlow University,Pittsburgh
Vermont Technical College,Randolph
Oklahoma Wesleyan University,Bartlesville
Waynesburg University,Waynesburg
Peru State College,Peru
Sul Ross State University,Alpine
Lyon College,Batesville
Columbia College South Carolina,Columbia
University of South Carolina-Beaufort,Bluffton
Wilmington College,Wilmington
Ohio Dominican University,Columbus
Goodwin University,East Hartford
Emory & Henry College,Emory
Barton College,Wilson
Limestone College,Gaffney
University of Mobile,Mobile
Samuel Merritt University,Oakland
Keuka College,Keuka Park
Mount Mary University,Milwaukee
West Virginia Wesleyan College,Buckhannon
Wesleyan College,Macon
Felician University,Lodi
University of Science and Arts of Oklahoma,Chickasha
United States Sports Academy,Daphne
Wingate University,Wingate
Buffalo State College,Buffalo
Averett University,Danville
Dakota Wesleyan University,Mitchell
University of Saint Joseph,West Hartford
Bloomfield College,Bloomfield
Madonna University,Livonia
Newman University,Wichita
Medaille College,Buffalo
Benedict College,Columbia
John F. Kennedy University,Pleasant Hill
Lake Washington Institute of Technology,Kirkland
Briar Cliff University,Sioux City
Southwest Baptist University,Bolivar
Erskine College,Due West
Newberry College,Newberry
Gulf Coast State College,Panama City
NewSchool of Architecture and Design,San Diego
Southern University at New Orleans,New Orleans
Cheyney University of Pennsylvania,Cheyney
College of Central Florida,Ocala
Bluefield College,Bluefield
Waldorf University,Forest City
Lubbock Christian University,Lubbock
College of Mount Saint Vincent,The Bronx
Midway University,Midway
Great Basin College,Elko
Brescia University,Owensboro
William James College,Newton
Tabor College,Hillsboro
Claflin University,Orangeburg
Southern Wesleyan University,Central
Palo Alto University,Palo Alto
LIM College,New York City
Maranatha Baptist University,Watertown
Relay Graduate School of Education,New York City
Texas Lutheran University,Seguin
Thomas College,Waterville
Dean College,Franklin
University of Pikeville,Pikeville
Heritage University,Toppenish
McPherson College,McPherson
The College of Idaho,Caldwell
Kansas City University,Kansas City
University of Arkansas - Fort Smith,Fort Smith
Warner Pacific College,Portland
Shaw University,Raleigh
Mars Hill University,Mars Hill
Concordia College-New York,Bronxville
Finlandia University,Hancock
Bismarck State College,Bismarck
Walsh College,Troy
Texas A&M University-Texarkana,Texarkana
University of Saint Francis,Fort Wayne
Anna Maria College,Paxton
Mount Vernon Nazarene University,Mount Vernon
Notre Dame College,Cleveland
Goldey-Beacom College,Wilmington
Saint Augustine's University,Raleigh
Columbia Basin College,Pasco
Bethel University (Indiana),Mishawaka
Florida National University,Hialeah
University of Northwestern Ohio,Lima
Ohio Christian University,Circleville
Nyack College,Nyack
Reinhardt University,Waleska
Florida Memorial University,Miami Gardens
Oklahoma Panhandle State University,Goodwell
College of Our Lady of the Elms,Chicopee
William Peace University,Raleigh
East Texas Baptist University,Marshall
West Liberty University,West Liberty
Valley City State University,Valley City
The University of Virginia's College at Wise,Wise
Western Nevada College,Carson City
University of the Ozarks,Clarksville
University of the Potomac,Washington
Maryville College,Maryville
Judson University,Elgin
Hodges University,Naples
Montana State University-Northern,Havre
Saint Joseph's College of Maine,Standish
Sullivan University,Louisville
The University of Texas Health Science Center at Tyler,Tyler
The University of Montana Western,Dillon
Corban University,Salem
Louisiana State University of Alexandria,Alexandria
Wiley College,Marshall
Marymount Manhattan College,New York City
La Roche University,Pittsburgh
LaGrange College,LaGrange
Pine Manor College,Chestnut Hill
Saint Elizabeth University,Morristown
Cranbrook Academy of Art,Bloomfield Hills
Hilbert College,Hamburg
Mount Saint Mary's University,Los Angeles
Southwestern Assemblies of God University,Waxahachie
Nebraska Methodist College,Omaha
Mount Aloysius College,Cresson
Union College Nebraska,Lincoln
North Central University,Minneapolis
Hope International University,Fullerton
Multnomah University,Portland
Culver-Stockton College,Canton
Bethany College,Bethany
The King's College,New York City
Sterling College Vermont,Craftsbury Common
Olivet College,Olivet
Defiance College,Defiance
Abraham Baldwin Agricultural College,Tifton
University of Jamestown,Jamestown
Northwestern Oklahoma State University,Alva
Miles College,Fairfield
Salus University,Elkins Park
Cazenovia College,Cazenovia
Hebrew College,Newton Centre
Midland College,Midland
Siena Heights University,Adrian
Coker University,Hartsville
SUNY College of Optometry,New York City
Southern Virginia University,Buena Vista
Paine College,Augusta
Keystone College,La Plume
University of Western States,Portland
Salem College,Winston-Salem
Notre Dame de Namur University,Belmont
Landmark College,Putney
Alderson Broaddus University,Philippi
University of Mount Olive,Mount Olive
Saybrook University,Pasadena
Kansas Wesleyan University,Salina
University of Rio Grande,Rio Grande
Concordia University Ann Arbor,Ann Arbor
Marian University Wisconsin,Fond du Lac
Cairn University,Langhorne
Kentucky Wesleyan College,Owensboro
Howard Payne University,Brownwood
Milwaukee Institute of Art and Design,Milwaukee
William Jessup University,Rocklin
Union College Kentucky,Barbourville
Nazarene Bible College,Colorado Springs
Indiana University East,Richmond
William Woods University,Fulton
Clarkson College,Omaha
Parker University,Dallas
University of Maine at Presque Isle,Presque Isle
New York Academy of Art,New York City
Rockford University,Rockford
Northwest Florida State College,Niceville
Schreiner University,Kerrville
Holy Family University,Philadelphia
Arizona Christian University,Phoenix
Menlo College,Atherton
Cumberland University,Lebanon
Dunwoody College of Technology,Minneapolis
Brazosport College,Lake Jackson
Pacifica Graduate Institute,Carpinteria
Granite State College,Concord
Stillman College,Tuscaloosa
Martin Luther College,New Ulm
Metropolitan College of New York,New York City
Dickinson State University,Dickinson
Louisiana College,Pineville
Vaughn College of Aeronautics and Technology,Flushing
Montserrat College of Art,Beverly
Cleary University,Howell
Beacon College,Leesburg
Sierra Nevada University,Incline Village
Faith Baptist Bible College and Theological Seminary,Ankeny
Ursuline College,Pepper Pike
St. Thomas Aquinas College,Sparkill
Wilberforce University,Wilberforce
LeMoyne-Owen College,Memphis
Hannibal-LaGrange University,Hannibal
Missouri Baptist University,St. Louis
Toccoa Falls College,Toccoa Falls
Lane College,Jackson
West Virginia University at Parkersburg,Parkersburg
Harris-Stowe State University,St. Louis
York College,York
Union Institute & University,Cincinnati
University of Providence,Great Falls
Dominican College,Orangeburg
Pensacola State College,Pensacola
Centralia College,Centralia
Clarks Summit University,Clarks Summit
Missouri Valley College,Marshall
Thiel College,Greenville
Central Penn College,Summerdale
Lincoln College,Lincoln
Touro University California,Vallejo
Alice Lloyd College,Pippa Passes
William Penn University,Oskaloosa
South College,Knoxville
University of Alaska Southeast,Juneau
University of Maine at Fort Kent,Fort Kent
Blackburn College,Carlinville
Livingstone College,Salisbury
St Andrews University,Laurinburg
Brewton-Parker College,Mount Vernon
Rust College,Holly Springs
University of Saint Mary,Leavenworth
Southern University Law Center,Baton Rouge
Principia College,Elsah
Roseman University of Health Sciences,Henderson
Texas A&M University-San Antonio,San Antonio
Oakland City University,Oakland City
Becker College,Worcester
Johnson University,Knoxville
Mitchell College,New London
University of Health Sciences and Pharmacy in St. Louis,St. Louis
Maryland University of Integrative Health,Laurel
Cleveland University-Kansas City,Overland Park
Webb Institute,Glen Cove
Bethel University (Tennessee),McKenzie
Truett McConnell University,Cleveland
Mount Marty University,Yankton
Calumet College of St. Joseph,Whiting
Warner University,Lake Wales
New York School of Interior Design,New York City
Bay State College,Boston
Peirce College,Philadelphia
Southern College of Optometry,Memphis
Rochester University,Rochester Hills
Holy Cross College,Notre Dame
Washington Adventist University,Takoma Park
Amberton University,Garland
Mid-America Christian University,Oklahoma City
Adler Graduate School,Minnetonka
Eureka College,Eureka
Albany College of Pharmacy and Health Sciences,Albany
Gordon State College,Barnesville
Young Harris College,Young Harris
The University of Tennessee Southern,Pulaski
Greensboro College,Greensboro
Mercy College of Health Sciences,Des Moines
College of Coastal Georgia,Brunswick
Barclay College,Haviland
Texas College,Tyler
Art Academy of Cincinnati,Cincinnati
University of Maine at Machias,Machias
Fisher College,Boston
Midland University,Fremont
University of Hawaii-West Oahu,Kapolei
Monmouth College,Monmouth
Bethany College Kansas,Lindsborg
Criswell College,Dallas
Central Christian College of Kansas,McPherson
Mayville State University,Mayville
Columbia College Hollywood,Tarzana
Indiana University Kokomo,Kokomo
Davis and Elkins College,Elkins
Queens College City University of New York,New York City
Bethany Lutheran College,Mankato
Cottey College,Nevada
Simpson University,Redding
New York College of Podiatric Medicine,New York City
Carolina University,Winston Salem
St. Johns River State College,Palatka
Lincoln Christian University,Lincoln
Ozark Christian College,Joplin
Baruch College CUNY,New York City
West Virginia School of Osteopathic Medicine,Lewisburg
Glenville State College,Glenville
Life Pacific College,San Dimas
Emmaus Bible College,Dubuque
Philander Smith College,Little Rock
MacMurray College,Jacksonville
Morris College,Sumter
University of the Southwest,Hobbs
Benjamin Franklin Institute of Technology,Boston
Vermont College of Fine Arts,Montpelier
Brooklyn College,Brooklyn
The Graduate Center CUNY,New York City
Jarvis Christian College,Hawkins
Northern New Mexico College,Espanola
American Baptist College,Nashville
Lake Erie College,Painesville
Everglades University,Boca Raton
Emmanuel College Georgia,Franklin Springs
Manhattan Christian College,Manhattan
Webber International University,Babson Park
Marshall B. Ketchum University,Fullerton
Iowa Wesleyan University,Mount Pleasant
Holy Apostles College and Seminary,Cromwell
Bushnell University,Eugene
University of the West,Rosemead
Atlanta Metropolitan State College,Atlanta
Bacone College,Muskogee
Dallas Christian College,Dallas
Pardee RAND Graduate School,Santa Monica
Mount Carmel College of Nursing,Columbus
Nevada State College,Henderson
Boston Graduate School of Psychoanalysis,Brookline
Florida College,Temple Terrace
Villa Maria College,Buffalo
Judson College,Marion
Blue Mountain College,Blue Mountain
Bluefield State College,Bluefield
Pennsylvania College of Art and Design,Lancaster
Arkansas Baptist College,Little Rock
Marymount California University,Rancho Palos Verdes
South Georgia State College,Douglas
The City College of New York,New York City
Kentucky Christian University,Grayson
Chipola College,Marianna
Mercy College of Ohio,Toledo
The School of Architecture,Cosanti
Salem University,Salem
Central Baptist College,Conway
Rush University,Chicago
Massachusetts School of Law,Andover
Aquinas College Tennessee,Nashville
Pacific Oaks College,Pasadena
Tennessee Wesleyan University,Athens
University of Holy Cross,New Orleans
Thomas More College of Liberal Arts,Merrimack
University of Valley Forge,Phoenixville
Franciscan Missionaries of Our Lady University,Baton Rouge
Humphreys University,Stockton
Laguna College of Art and Design,Laguna Beach
New England College of Optometry,Boston
Ohio Valley University,Vienna
University of Alaska Anchorage,Anchorage
Kettering College,Kettering
Illinois College of Optometry,Chicago
Rocky Vista University,Parker
Blessing-Rieman College of Nursing and Health Sciences,Quincy
VanderCook College of Music,Chicago
Allen College,Waterloo
Kuyper College,Grand Rapids
Maria College,Albany
San Diego Christian College,Santee
The College of Westchester,White Plains
Williams Baptist University,Walnut Ridge
Gratz College,Melrose Park
Donnelly College,Kansas City
Florida Gateway College,Lake City
Appalachian College of Pharmacy,Oakwood
Appalachian Bible College,Mount Hope
New York City College of Technology CUNY,Brooklyn
York College City University of New York,Jamaica
Point University,West Point
Bryn Athyn College,Bryn Athyn
Allen University,Columbia
Thomas University,Thomasville
Presentation College,Aberdeen
Goldfarb School of Nursing at Barnes-Jewish College,St. Louis
Trocaire College,Buffalo
Trinity College of Florida,Trinity
American Film Institute Conservatory,Los Angeles
Oak Hills Christian College,Bemidji
Davis College,Johnson City
Central Christian College of the Bible,Moberly
Grace Christian University,Wyoming
Calvary University,Kansas City
Westfield State University,Westfield
John Paul the Great Catholic University,Escondido
Five Towns College,Dix Hills
Conway School of Landscape Design,Northampton
Cox College,Springfield
Alaska Bible College,Palmer
Sofia University,Palo Alto
Dominican School of Philosophy & Theology,Berkeley
Welch College,Gallatin
Pontifical Faculty of the Immaculate Conception,Washington
The Baptist College of Florida,Graceville
Magdalen College of the Liberal Arts,Warner
San Joaquin College of Law,Clovis
The Wright Institute,Berkeley
Michigan School of Psychology,Farmington Hills
Boise Bible College,Boise
Martin University,Indianapolis
Watkins College of Art,Nashville
Baptist Health Sciences University,Memphis
Pennsylvania College of Health Sciences,Lancaster
Trinity Bible College,Ellendale
Dharma Realm Buddhist University,Ukiah
East-West University,Chicago
God's Bible School and College,Cincinnati
Oak Point University,Chicago
College of Biblical Studies,Houston
College of Staten Island,Staten Island
Rocky Mountain University of Health Professions,Provo
Boricua College,New York City
Great Lakes Christian College,Lansing
Bryan College of Health Sciences,Lincoln
Lake Forest Graduate School of Management,Lake Forest
Heritage Christian University,Florence
United States University,San Diego
Southwestern Christian University,Bethany
Mid-Atlantic Christian University,Elizabeth City
Jamestown Business College,Jamestown
Labouré College,Milton
Saint Augustine College,Chicago
Baptist University of the Americas,San Antonio
Bethesda University,Anaheim
Bellin College,Green Bay
Middle Tennessee School of Anesthesia,Madison
Clear Creek Baptist Bible College,Pineville
Nebraska Christian College,Papillion
Southwestern College Santa Fe,Santa Fe
Lakeview College of Nursing,Danville
Arlington Baptist University,Arlington
The King's University,Southlake
Baptist Bible College,Springfield
Methodist College,Peoria
Beulah Heights University,Atlanta
Medgar Evers College,Brooklyn
Plaza College,New York City
Crowley's Ridge College,Paragould
New Hope Christian College,Eugene
Pillar College,Newark
St. Louis Christian College,Florissant
Ecclesia College,Springdale
Northpoint Bible College,Haverhill
Wade College,Dallas
University of Maine at Farmington,Farmington
Good Samaritan College of Nursing and Health Science,Cincinnati
Trinity College of Nursing & Health Sciences,Rock Island
Tri-State Bible College,South Point
The University of West Los Angeles,Inglewood
Denver College of Nursing,Denver
Research College of Nursing,Kansas City
Richmont Graduate University,Chattanooga
Providence Christian College,Pasadena
CUNY School of Law,Long Island City
Helene Fuld College of Nursing,New York City
WON Institute of Graduate Studies,Glenside
Southeastern Baptist College,Laurel
Indiana University Fort Wayne,Fort Wayne
Wisconsin School of Professional Psychology,Milwaukee
Saint Anthony College of Nursing,Rockford
Cabarrus College of Health Sciences,Concord
Geisinger Commonwealth School of Medicine,Scranton
Irell and Manella Graduate School of Biological Sciences,Duarte
Antioch University Los Angeles,Culver City
Antioch University Santa Barbara,Santa Barbara
Saint Francis Medical Center College of Nursing,Peoria
Antioch University New England,Keene
Ohio University Southern,Ironton
Paul Quinn College,Dallas
Antioch University Seattle,Seattle
Ohio University-Chillicothe,Chillicothe